Model,Meyer-Wallach (Mean),Meyer-Wallach (Std),Concentratable (Mean),Concentratable (Std)
QCNN,0.6551615573397327,0.1196527749813464,0.4756482405744687,0.07678113957987506
QuantumDilatedCNN,0.5021728891535164,0.129687460636702,0.35782710313656224,0.07791328105592557
