Model,Meyer-Wallach (Mean),Meyer-Wallach (Std),Concentratable (Mean),Concentratable (Std)
QCNN,0.46222066572467096,0.23031823611681776,0.29063711479407195,0.11235953711705304
QuantumDilatedCNN,0.330312567453425,0.15725034628491336,0.22034036691463932,0.0733034802325653
